上位のページ,クリック数,表示回数,CTR,掲載順位
https://www.dearmanga.com/sci-fi/asadora,2,51,3.92%,10.73
https://www.dearmanga.com/action/trigun-maximum,2,44,4.55%,13.5
https://www.dearmanga.com/romance/smoking-behind-supermarket,2,26,7.69%,8.92
https://www.dearmanga.com/action/kindaichi-37,2,16,12.5%,11
https://www.dearmanga.com/horror/fragments-of-horror,2,5,40%,20
https://www.dearmanga.com/horror/goodnight-punpun,1,121,0.83%,12.45
https://www.dearmanga.com/horror/higanjima,1,65,1.54%,10.26
https://www.dearmanga.com/romance/i-love-yoo,1,48,2.08%,29.92
https://www.dearmanga.com/sports/mountaineering-girl,1,42,2.38%,10.05
https://www.dearmanga.com/slice-of-life/shimeji-simulation,1,40,2.5%,10.82
https://www.dearmanga.com/sci-fi/mujirushi,1,15,6.67%,8.87
https://www.dearmanga.com/historical/asaki-yumemishi,1,14,7.14%,9.07
https://www.dearmanga.com/action/kurenai,1,11,9.09%,6.91
https://www.dearmanga.com/horror/helter-skelter,1,10,10%,35
https://www.dearmanga.com/romance/time-stranger-kyoko,1,9,11.11%,5.89
https://www.dearmanga.com/sci-fi/ghost-in-the-shell-2,1,9,11.11%,12.44
https://www.dearmanga.com/romance/st-dragon-girl,1,7,14.29%,6.86
https://www.dearmanga.com/slice-of-life/dame-oyaji,1,7,14.29%,10.14
https://www.dearmanga.com/romance/water-flows-to-the-sea,1,6,16.67%,6.17
https://www.dearmanga.com/romance/senryu-girl,1,6,16.67%,17.67
https://www.dearmanga.com/fantasy/tales-of-zestiria-manga,1,6,16.67%,21.17
https://www.dearmanga.com/slice-of-life/kill-me-baby,1,4,25%,30.75
https://www.dearmanga.com/action/ron-kamonohashi,0,2356,0%,9.58
https://www.dearmanga.com/horror/highschool-of-the-dead,0,139,0%,10.93
https://www.dearmanga.com/slice-of-life/black-jack,0,133,0%,8.98
https://www.dearmanga.com/sports/ao-ashi,0,129,0%,11.02
https://www.dearmanga.com/action/moriarty-the-patriot,0,109,0%,13.39
https://www.dearmanga.com/sports/touch,0,106,0%,8.98
https://www.dearmanga.com/action/usogui,0,87,0%,12.1
https://www.dearmanga.com/horror/umineko,0,76,0%,10.07
https://www.dearmanga.com/action/qed,0,71,0%,5.7
https://www.dearmanga.com/sports/holyland,0,70,0%,6.69
https://www.dearmanga.com/sci-fi/86-eighty-six,0,57,0%,9.65
https://www.dearmanga.com/romance/my-id-is-gangnam-beauty,0,55,0%,29.96
https://www.dearmanga.com/sci-fi/gundam-seed,0,53,0%,25.91
https://www.dearmanga.com/slice-of-life/kazoku-game,0,49,0%,6.47
https://www.dearmanga.com/action/omniscient-readers-viewpoint,0,49,0%,33.1
https://www.dearmanga.com/slice-of-life/my-roommate-is-a-cat,0,48,0%,10.25
https://www.dearmanga.com/action/magic-kaito,0,47,0%,16.68
https://www.dearmanga.com/romance/saint-tail,0,42,0%,8.62
https://www.dearmanga.com/slice-of-life/odd-taxi,0,41,0%,14.44
https://www.dearmanga.com/horror/gannibal,0,40,0%,12.28
https://www.dearmanga.com/sci-fi/getter-robo,0,40,0%,32.05
https://www.dearmanga.com/romance/loveless,0,39,0%,8.72
https://www.dearmanga.com/fantasy/sao-progressive,0,39,0%,28.85
https://www.dearmanga.com/sci-fi/real-account,0,38,0%,6.37
https://www.dearmanga.com/action/dont-call-it-mystery,0,38,0%,12.29
https://www.dearmanga.com/romance/vampire-knight-memories,0,38,0%,12.82
https://www.dearmanga.com/slice-of-life/disappearance-diary,0,36,0%,6.42
https://www.dearmanga.com/sports/ganbare-genki,0,35,0%,6.46
https://www.dearmanga.com/slice-of-life/say-hello-to-black-jack,0,35,0%,7.11
https://www.dearmanga.com/romance/taisho-otome,0,35,0%,11.37
https://www.dearmanga.com/sci-fi/serial-experiments-lain,0,34,0%,24.82
https://www.dearmanga.com/action/lycoris-recoil,0,32,0%,12.38
https://www.dearmanga.com/action/tetsujin-28-go,0,32,0%,16.28
https://www.dearmanga.com/horror/angels-of-death,0,30,0%,13.77
https://www.dearmanga.com/action/katanagatari,0,29,0%,29.34
https://www.dearmanga.com/romance/cornered-mouse-dreams-of-cheese,0,28,0%,8.29
https://www.dearmanga.com/action/harenchi-gakuen,0,28,0%,9.14
https://www.dearmanga.com/sports/h2-manga,0,28,0%,12.36
https://www.dearmanga.com/romance/finder-series,0,27,0%,5.15
https://www.dearmanga.com/slice-of-life/dr-koto-clinic,0,27,0%,6.59
https://www.dearmanga.com/action/historie,0,27,0%,10.85
https://www.dearmanga.com/sci-fi/rahxephon,0,27,0%,14.33
https://www.dearmanga.com/fantasy/saiyuki,0,27,0%,15.56
https://www.dearmanga.com/action/riki-oh,0,27,0%,28.48
https://www.dearmanga.com/slice-of-life/nagis-long-vacation,0,26,0%,6
https://www.dearmanga.com/romance/kashimashi,0,26,0%,10.15
https://www.dearmanga.com/fantasy/rezero,0,26,0%,12.65
https://www.dearmanga.com/romance/princess-princess,0,26,0%,16.92
https://www.dearmanga.com/action/shura-no-mon,0,26,0%,18.81
https://www.dearmanga.com/horror/bastard-webtoon,0,25,0%,6.92
https://www.dearmanga.com/slice-of-life/dragon-zakura,0,25,0%,7.6
https://www.dearmanga.com/romance/ao-no-flag,0,25,0%,12.04
https://www.dearmanga.com/slice-of-life/moyashimon,0,24,0%,6.96
https://www.dearmanga.com/action/ranma,0,24,0%,8.75
https://www.dearmanga.com/sci-fi/shinji-ikari-raising-project,0,24,0%,9.25
https://www.dearmanga.com/sci-fi/solanin,0,24,0%,13.33
https://www.dearmanga.com/sci-fi/billy-bat,0,24,0%,35.62
https://www.dearmanga.com/slice-of-life/takopis-original-sin,0,23,0%,11.26
https://www.dearmanga.com/romance/kaguya-sama-love-is-war,0,23,0%,16.17
https://www.dearmanga.com/fantasy/magi,0,23,0%,28.17
https://www.dearmanga.com/slice-of-life/kochikame,0,22,0%,6.59
https://www.dearmanga.com/sci-fi/aria-manga,0,22,0%,7.27
https://www.dearmanga.com/horror/hell-paradise,0,22,0%,8.91
https://www.dearmanga.com/action/crows,0,22,0%,9.77
https://www.dearmanga.com/fantasy/sacred-blacksmith,0,22,0%,10.36
https://www.dearmanga.com/slice-of-life/shota-no-sushi,0,22,0%,10.41
https://www.dearmanga.com/action/kinnikuman,0,22,0%,17.91
https://www.dearmanga.com/sports/haikyu,0,22,0%,19.18
https://www.dearmanga.com/horror/umineko-manga,0,22,0%,22.05
https://www.dearmanga.com/sci-fi/jaco,0,22,0%,33.27
https://www.dearmanga.com/fantasy/magic-knight-rayearth,0,22,0%,45.41
https://www.dearmanga.com/slice-of-life/miss-kobayashis-dragon-maid,0,22,0%,69.86
https://www.dearmanga.com/action/attack-on-titan-no-regrets,0,21,0%,10.24
https://www.dearmanga.com/sci-fi/metropolis-manga,0,21,0%,14.14
https://www.dearmanga.com/sci-fi/toward-the-terra,0,21,0%,20.1
https://www.dearmanga.com/slice-of-life/hetalia,0,21,0%,22.95
https://www.dearmanga.com/slice-of-life/how-to-keep-a-mummy,0,21,0%,46.19
https://www.dearmanga.com/romance/ore-no-imouto,0,21,0%,57.19
https://www.dearmanga.com/sports/otoko-doahou-koshien,0,20,0%,5.15
https://www.dearmanga.com/romance/imadoki,0,20,0%,6.45
https://www.dearmanga.com/action/rokudenashi-blues,0,20,0%,6.65
https://www.dearmanga.com/sci-fi/erased,0,20,0%,8
https://www.dearmanga.com/sci-fi/psycho-pass,0,20,0%,9.65
https://www.dearmanga.com/fantasy/aristocrat-otherworldly-adventure,0,20,0%,17.85
https://www.dearmanga.com/sci-fi/darling-in-the-franxx,0,20,0%,27.55
https://www.dearmanga.com/slice-of-life/ushijima-loan-shark,0,19,0%,6.95
https://www.dearmanga.com/action/akane-banashi,0,19,0%,7.32
https://www.dearmanga.com/fantasy/the-dungeon-of-black-company,0,19,0%,10.16
https://www.dearmanga.com/fantasy/my-next-life-as-villainess,0,19,0%,11.11
https://www.dearmanga.com/action/sumomomo-momomo,0,19,0%,11.37
https://www.dearmanga.com/action/noblesse,0,19,0%,16.05
https://www.dearmanga.com/romance/sensual-phrase,0,19,0%,18.26
https://www.dearmanga.com/action/young-black-jack,0,19,0%,24.58
https://www.dearmanga.com/fantasy/magical-girl-lyrical-nanoha,0,19,0%,39.47
https://www.dearmanga.com/sports/aoashi,0,18,0%,7.89
https://www.dearmanga.com/action/angel-densetsu,0,18,0%,9
https://www.dearmanga.com/fantasy/sugar-apple-fairy-tale,0,18,0%,11.5
https://www.dearmanga.com/romance/wish-clamp,0,18,0%,15.94
https://www.dearmanga.com/slice-of-life/hitoribocchi,0,18,0%,18.39
https://www.dearmanga.com/romance/stranger-by-the-shore,0,18,0%,18.61
https://www.dearmanga.com/horror/strange-house,0,18,0%,20.33
https://www.dearmanga.com/sports/angelic-layer,0,18,0%,45.5
https://www.dearmanga.com/historical/cesare,0,17,0%,7.53
https://www.dearmanga.com/fantasy/unwanted-undead-adventurer,0,17,0%,9.82
https://www.dearmanga.com/sci-fi/battle-angel-alita-mars-chronicle,0,17,0%,10.12
https://www.dearmanga.com/action/twin-star-exorcists,0,17,0%,13.82
https://www.dearmanga.com/action/my-hero-academia-vigilantes,0,17,0%,19.88
https://www.dearmanga.com/action/vigilante-mha-illegals,0,17,0%,20.59
https://www.dearmanga.com/sci-fi/angel-beats-manga,0,16,0%,44.81
https://www.dearmanga.com/slice-of-life/maicching-machiko,0,15,0%,5.87
https://www.dearmanga.com/romance/tokimeki-tonight,0,15,0%,8.13
https://www.dearmanga.com/slice-of-life/arakawa-under-the-bridge,0,15,0%,11.13
https://www.dearmanga.com/action/world-is-mine,0,15,0%,12.2
https://www.dearmanga.com/romance/boku-girl,0,15,0%,13.6
https://www.dearmanga.com/fantasy/kannagi,0,15,0%,14.4
https://www.dearmanga.com/action/gto-paradise-lost,0,15,0%,20
https://www.dearmanga.com/romance/bunny-girl-senpai,0,15,0%,26.07
https://www.dearmanga.com/horror/higurashi-manga,0,14,0%,6.36
https://www.dearmanga.com/sports/forget-me-not-battery,0,14,0%,7.36
https://www.dearmanga.com/sports/shoot,0,14,0%,8.86
https://www.dearmanga.com/action/cromartie-high,0,14,0%,12.36
https://www.dearmanga.com/sci-fi/eden-its-an-endless-world,0,14,0%,13.57
https://www.dearmanga.com/slice-of-life/with-the-light,0,14,0%,14.14
https://www.dearmanga.com/action/kill-la-kill,0,14,0%,17.93
https://www.dearmanga.com/sci-fi/legend-of-mother-sarah,0,14,0%,19.79
https://www.dearmanga.com/sports/capeta,0,13,0%,6.54
https://www.dearmanga.com/slice-of-life/adolf,0,13,0%,8.54
https://www.dearmanga.com/romance/watashi-no-shiawase-na-kekkon,0,13,0%,9.38
https://www.dearmanga.com/slice-of-life/outbreak-company,0,13,0%,14.38
https://www.dearmanga.com/slice-of-life/midnight-diner,0,13,0%,15.08
https://www.dearmanga.com/fantasy/shugo-chara-encore,0,13,0%,21.15
https://www.dearmanga.com/romance/citrus-manga,0,13,0%,33
https://www.dearmanga.com/romance/jitsu-wa-watashi-wa,0,13,0%,43.38
https://www.dearmanga.com/sci-fi/code-geass,0,13,0%,51.31
https://www.dearmanga.com/action/history-strongest-disciple-kenichi,0,13,0%,55.23
https://www.dearmanga.com/slice-of-life/tonde-saitama,0,12,0%,7.17
https://www.dearmanga.com/fantasy/children-of-the-sea,0,12,0%,8
https://www.dearmanga.com/romance/kobato-manga,0,12,0%,8.08
https://www.dearmanga.com/horror/starving-anonymous,0,12,0%,8.5
https://www.dearmanga.com/action/zettai-karen-children,0,12,0%,10.17
https://www.dearmanga.com/fantasy/pandora-hearts,0,12,0%,15.17
https://www.dearmanga.com/slice-of-life/solitary-gourmet,0,12,0%,17.67
https://www.dearmanga.com/romance/queens-quality,0,12,0%,18.08
https://www.dearmanga.com/slice-of-life/cooking-papa,0,12,0%,19.08
https://www.dearmanga.com/action/hinowa-ga-crush,0,12,0%,19.83
https://www.dearmanga.com/fantasy/magia-record,0,12,0%,21.17
https://www.dearmanga.com/fantasy/deltora-quest,0,12,0%,26.08
https://www.dearmanga.com/sports/gaku,0,12,0%,29.17
https://www.dearmanga.com/sports/monkey-turn,0,11,0%,3.45
https://www.dearmanga.com/romance/w-juliet,0,11,0%,6.73
https://www.dearmanga.com/slice-of-life/ciguatera,0,11,0%,6.82
https://www.dearmanga.com/fantasy/the-water-dragons-bride,0,11,0%,8.36
https://www.dearmanga.com/slice-of-life/heavens-design-team,0,11,0%,10
https://www.dearmanga.com/horror/old-boy,0,11,0%,11
https://www.dearmanga.com/sci-fi/tengoku-daimakyou-manga,0,11,0%,13.45
https://www.dearmanga.com/historical/jin-manga,0,11,0%,13.82
https://www.dearmanga.com/fantasy/wata-no-kuni-hoshi,0,11,0%,17
https://www.dearmanga.com/horror/fourteen,0,11,0%,20.45
https://www.dearmanga.com/sports/kono-oto-tomare,0,11,0%,30.82
https://www.dearmanga.com/romance/futari-ecchi,0,10,0%,5.7
https://www.dearmanga.com/action/do-not-say-mystery,0,10,0%,5.8
https://www.dearmanga.com/romance/library-wars-love-and-war,0,10,0%,7.5
https://www.dearmanga.com/slice-of-life/banana-bread-pudding,0,10,0%,8.2
https://www.dearmanga.com/fantasy/grimgar-of-fantasy-and-ash,0,10,0%,8.3
https://www.dearmanga.com/fantasy/peach-boy-riverside,0,10,0%,8.3
https://www.dearmanga.com/slice-of-life/umimachi-diary,0,10,0%,8.6
https://www.dearmanga.com/action/wangan-midnight,0,10,0%,8.8
https://www.dearmanga.com/romance/haikara-san,0,10,0%,9
https://www.dearmanga.com/fantasy/onmyoji-manga,0,10,0%,9.3
https://www.dearmanga.com/slice-of-life/supernatural-battles,0,10,0%,10.8
https://www.dearmanga.com/sports/circuit-no-okami,0,10,0%,10.9
https://www.dearmanga.com/slice-of-life/wakakozake,0,10,0%,12.3
https://www.dearmanga.com/fantasy/ribbon-no-kishi,0,10,0%,13.1
https://www.dearmanga.com/slice-of-life/the-road-to-manga,0,10,0%,13.8
https://www.dearmanga.com/sci-fi/japan-sinks,0,10,0%,15
https://www.dearmanga.com/romance/omamori-himari,0,10,0%,15.8
https://www.dearmanga.com/sci-fi/suzumiya-haruhi,0,10,0%,19.2
https://www.dearmanga.com/slice-of-life/hitler-mizuki,0,10,0%,19.4
https://www.dearmanga.com/fantasy/toilet-bound-hanako-kun,0,10,0%,20.7
https://www.dearmanga.com/historical/onihei-hankacho,0,10,0%,23.8
https://www.dearmanga.com/action/bobobo-bo-bo-bobo,0,10,0%,27.2
https://www.dearmanga.com/action/rosario-vampire-season-ii,0,10,0%,33.5
https://www.dearmanga.com/action/food-wars-shokugeki-no-soma,0,10,0%,42.1
https://www.dearmanga.com/action/kagerou-daze,0,10,0%,43.3
https://www.dearmanga.com/romance/girlfriend-girlfriend,0,10,0%,66
https://www.dearmanga.com/slice-of-life/mainichi-kaasan,0,9,0%,3.11
https://www.dearmanga.com/romance/nana-to-kaoru,0,9,0%,5.56
https://www.dearmanga.com/action/naki-no-ryu,0,9,0%,5.67
https://www.dearmanga.com/sci-fi/eureka-seven,0,9,0%,8.33
https://www.dearmanga.com/action/god-of-high-school,0,9,0%,8.44
https://www.dearmanga.com/slice-of-life/rakugo-shinjuu,0,9,0%,8.56
https://www.dearmanga.com/fantasy/drifting-dragons,0,9,0%,11.33
https://www.dearmanga.com/romance/a-cruel-god-reigns,0,9,0%,11.67
https://www.dearmanga.com/action/nabari-no-ou,0,9,0%,13.44
https://www.dearmanga.com/horror/tomie,0,9,0%,14.56
https://www.dearmanga.com/slice-of-life/blue-period,0,9,0%,14.67
https://www.dearmanga.com/fantasy/im-quitting-heroing,0,9,0%,16.22
https://www.dearmanga.com/slice-of-life/cells-at-work-code-black,0,9,0%,16.44
https://www.dearmanga.com/slice-of-life/watamote,0,9,0%,17.44
https://www.dearmanga.com/action/mazinger-z,0,9,0%,19.89
https://www.dearmanga.com/action/tokyo-tribes,0,9,0%,24
https://www.dearmanga.com/romance/hitorijime-my-hero,0,9,0%,27
https://www.dearmanga.com/action/shamo-manga,0,9,0%,30.78
https://www.dearmanga.com/romance/nozoki-ana,0,9,0%,37.11
https://www.dearmanga.com/slice-of-life/anohana,0,9,0%,38.78
https://www.dearmanga.com/romance/a-silent-voice,0,9,0%,44.22
https://www.dearmanga.com/fantasy/mythical-detective-loki,0,9,0%,48.56
https://www.dearmanga.com/romance/lovely-complex,0,9,0%,61.56
https://www.dearmanga.com/sports/girls-und-panzer,0,9,0%,61.78
https://www.dearmanga.com/sci-fi/phoenix,0,8,0%,4.88
https://www.dearmanga.com/romance/demon-love-spell,0,8,0%,6.25
https://www.dearmanga.com/action/tetsuya,0,8,0%,6.62
https://www.dearmanga.com/romance/hakuouki,0,8,0%,7.62
https://www.dearmanga.com/action/to-love-ru,0,8,0%,8.88
https://www.dearmanga.com/sports/battle-studies,0,8,0%,9.25
https://www.dearmanga.com/slice-of-life/crime-and-punishment-tezuka,0,8,0%,10.38
https://www.dearmanga.com/romance/gekkan-shoujo-nozaki-kun,0,8,0%,10.5
https://www.dearmanga.com/romance/ai-to-makoto,0,8,0%,12.5
https://www.dearmanga.com/slice-of-life/long-riders,0,8,0%,14.62
https://www.dearmanga.com/horror/ichi-the-killer,0,8,0%,17
https://www.dearmanga.com/slice-of-life/super-cub,0,8,0%,17.38
https://www.dearmanga.com/action/spirit-circle,0,8,0%,17.75
https://www.dearmanga.com/romance/fruits-basket-another,0,8,0%,22.62
https://www.dearmanga.com/horror/spiral-the-bonds-of-reasoning,0,8,0%,25.38
https://www.dearmanga.com/sports/hikaru-no-go,0,8,0%,28.25
https://www.dearmanga.com/fantasy/dungeon-meshi,0,8,0%,29.12
https://www.dearmanga.com/slice-of-life/wandering-son,0,8,0%,29.25
https://www.dearmanga.com/fantasy/overlord,0,8,0%,30.25
https://www.dearmanga.com/slice-of-life/spy-x-family,0,8,0%,34.62
https://www.dearmanga.com/action/black-lagoon,0,8,0%,36.88
https://www.dearmanga.com/romance/my-first-girlfriend-is-a-gal,0,8,0%,38.62
https://www.dearmanga.com/action/soul-eater,0,8,0%,48.88
https://www.dearmanga.com/action/angel-heart,0,7,0%,4.57
https://www.dearmanga.com/horror/ushiro-no-hyakutarou,0,7,0%,4.71
https://www.dearmanga.com/slice-of-life/baby-and-me,0,7,0%,5.43
https://www.dearmanga.com/sports/play-ball,0,7,0%,6.29
https://www.dearmanga.com/romance/strawberry-100,0,7,0%,6.86
https://www.dearmanga.com/sci-fi/three-eyed-one,0,7,0%,7
https://www.dearmanga.com/sci-fi/tokyo-esp,0,7,0%,7.14
https://www.dearmanga.com/action/patalliro,0,7,0%,7.29
https://www.dearmanga.com/fantasy/esper-mami,0,7,0%,8
https://www.dearmanga.com/sci-fi/wolf-children,0,7,0%,8.14
https://www.dearmanga.com/sports/ping-pong,0,7,0%,9.57
https://www.dearmanga.com/romance/fullmoon-wo-sagashite,0,7,0%,9.86
https://www.dearmanga.com/slice-of-life/makoto-chan,0,7,0%,9.86
https://www.dearmanga.com/action/kingdom,0,7,0%,10.43
https://www.dearmanga.com/fantasy/high-school-dxd,0,7,0%,12.57
https://www.dearmanga.com/romance/we-married-as-a-job,0,7,0%,13.14
https://www.dearmanga.com/action/black-rock-shooter,0,7,0%,20.43
https://www.dearmanga.com/action/7th-garden,0,7,0%,26.14
https://www.dearmanga.com/sci-fi/tenchi-muyo,0,7,0%,27.43
https://www.dearmanga.com/action/sukeban-deka,0,7,0%,31.71
https://www.dearmanga.com/romance/yankee-kun-megane-chan,0,7,0%,38.14
https://www.dearmanga.com/slice-of-life/osomatsu-kun,0,7,0%,38.57
https://www.dearmanga.com/sci-fi/gundam-the-origin,0,7,0%,45.29
https://www.dearmanga.com/romance/bokura-ga-ita,0,7,0%,46.86
https://www.dearmanga.com/action/mha-vigilantes,0,7,0%,49.43
https://www.dearmanga.com/action/city-hunter,0,7,0%,56.71
https://www.dearmanga.com/slice-of-life/naniwa-kinyu-do,0,6,0%,1.83
https://www.dearmanga.com/slice-of-life/free-and-easy,0,6,0%,2.5
https://www.dearmanga.com/fantasy/kappa-no-sanpei,0,6,0%,2.83
https://www.dearmanga.com/romance/hapi-mari,0,6,0%,3.67
https://www.dearmanga.com/sci-fi/21-emon,0,6,0%,3.83
https://www.dearmanga.com/slice-of-life/police-in-a-pod,0,6,0%,5.5
https://www.dearmanga.com/sports/softenni,0,6,0%,6
https://www.dearmanga.com/slice-of-life/nonnonba,0,6,0%,6.33
https://www.dearmanga.com/romance/ojojojo,0,6,0%,6.5
https://www.dearmanga.com/action/detective-school-q,0,6,0%,7
https://www.dearmanga.com/slice-of-life/i-want-to-wear-your-clothes,0,6,0%,7
https://www.dearmanga.com/romance/love-attack,0,6,0%,7.17
https://www.dearmanga.com/slice-of-life/fragile,0,6,0%,7.17
https://www.dearmanga.com/horror/life-keiko,0,6,0%,7.33
https://www.dearmanga.com/slice-of-life/kachou-shima-kosaku,0,6,0%,7.67
https://www.dearmanga.com/sci-fi/mai-psychic-girl,0,6,0%,7.83
https://www.dearmanga.com/slice-of-life/gaki-deka,0,6,0%,7.83
https://www.dearmanga.com/romance/p-to-jk,0,6,0%,8.17
https://www.dearmanga.com/fantasy/reincarnated-as-a-sword,0,6,0%,8.33
https://www.dearmanga.com/historical/ninja-bugeicho,0,6,0%,8.33
https://www.dearmanga.com/historical/crest-of-the-royal-family,0,6,0%,9
https://www.dearmanga.com/fantasy/moon-phase,0,6,0%,9.17
https://www.dearmanga.com/slice-of-life/tsurumoku-dokusin-ryou,0,6,0%,9.17
https://www.dearmanga.com/fantasy/record-of-ragnarok,0,6,0%,10
https://www.dearmanga.com/sci-fi/a-drunken-dream,0,6,0%,13.5
https://www.dearmanga.com/sci-fi/worlds-end-harem,0,6,0%,14.17
https://www.dearmanga.com/action/hitman-reborn,0,6,0%,15.33
https://www.dearmanga.com/fantasy/papuwa-kun,0,6,0%,15.83
https://www.dearmanga.com/slice-of-life/yuru-yuri,0,6,0%,16.33
https://www.dearmanga.com/fantasy/legend-of-the-northern-blade,0,6,0%,18.83
https://www.dearmanga.com/fantasy/rg-veda,0,6,0%,19.5
https://www.dearmanga.com/action/blazing-transfer-student,0,6,0%,20.83
https://www.dearmanga.com/romance/beast-master,0,6,0%,22.17
https://www.dearmanga.com/romance/my-happy-marriage,0,6,0%,26
https://www.dearmanga.com/slice-of-life/yotsuba,0,6,0%,27.5
https://www.dearmanga.com/sports/mix,0,6,0%,29.67
https://www.dearmanga.com/romance/oniisama-e,0,6,0%,31.83
https://www.dearmanga.com/horror/shadows-house,0,6,0%,34.5
https://www.dearmanga.com/romance/nana,0,6,0%,34.83
https://www.dearmanga.com/action/gunslinger-girl,0,6,0%,40.5
https://www.dearmanga.com/horror/gyo,0,6,0%,45.17
https://www.dearmanga.com/sci-fi/galaxy-express-999,0,6,0%,58.5
https://www.dearmanga.com/slice-of-life/aggretsuko,0,6,0%,66.33
https://www.dearmanga.com/action/dirty-pair,0,6,0%,71.33
https://www.dearmanga.com/sci-fi/choujin-locke,0,5,0%,4.6
https://www.dearmanga.com/slice-of-life/flower-of-life,0,5,0%,5
https://www.dearmanga.com/horror/blood-c,0,5,0%,5.2
https://www.dearmanga.com/action/peacock-king,0,5,0%,5.4
https://www.dearmanga.com/romance/peach-heaven,0,5,0%,5.6
https://www.dearmanga.com/slice-of-life/hozuki,0,5,0%,6
https://www.dearmanga.com/romance/living-game,0,5,0%,6.4
https://www.dearmanga.com/action/daigo-of-fire,0,5,0%,7.2
https://www.dearmanga.com/romance/strobe-edge,0,5,0%,7.4
https://www.dearmanga.com/sports/yakyuukyo-no-uta,0,5,0%,7.4
https://www.dearmanga.com/fantasy/tensura-nikki,0,5,0%,8.2
https://www.dearmanga.com/sci-fi/hyakuoku-no-hiru,0,5,0%,8.2
https://www.dearmanga.com/fantasy/triton-of-the-sea,0,5,0%,8.6
https://www.dearmanga.com/historical/prince-of-the-dawn,0,5,0%,8.6
https://www.dearmanga.com/slice-of-life/showa-history,0,5,0%,8.6
https://www.dearmanga.com/romance/gaba-kawa,0,5,0%,8.8
https://www.dearmanga.com/slice-of-life/wotakoi,0,5,0%,8.8
https://www.dearmanga.com/sports/sanpei-the-fisherman,0,5,0%,8.8
https://www.dearmanga.com/sports/attack-no-1,0,5,0%,9.2
https://www.dearmanga.com/fantasy/my-in-laws-are-obsessed,0,5,0%,9.4
https://www.dearmanga.com/action/bukko-no-taku,0,5,0%,9.6
https://www.dearmanga.com/fantasy/tower-of-god,0,5,0%,9.6
https://www.dearmanga.com/slice-of-life/akebi-sailor-uniform,0,5,0%,9.6
https://www.dearmanga.com/romance/nagatoro,0,5,0%,10.4
https://www.dearmanga.com/slice-of-life/zodiac-pi,0,5,0%,11.8
https://www.dearmanga.com/romance/mink,0,5,0%,12.6
https://www.dearmanga.com/romance/yamada-kun-seven-witches,0,5,0%,15
https://www.dearmanga.com/action/fist-of-the-blue-sky,0,5,0%,15.2
https://www.dearmanga.com/fantasy/mushoku-tensei,0,5,0%,15.2
https://www.dearmanga.com/romance/phantom-dream,0,5,0%,16
https://www.dearmanga.com/action/shura-no-toki,0,5,0%,16.4
https://www.dearmanga.com/slice-of-life/with-a-dog-and-a-cat,0,5,0%,17.2
https://www.dearmanga.com/romance/ao-no-hako,0,5,0%,18
https://www.dearmanga.com/action/attack-on-titan-lost-girls,0,5,0%,18.4
https://www.dearmanga.com/action/yuyu-hakusho,0,5,0%,18.6
https://www.dearmanga.com/slice-of-life/manga-michi,0,5,0%,19
https://www.dearmanga.com/horror/berserk,0,5,0%,21.2
https://www.dearmanga.com/slice-of-life/comic-girls,0,5,0%,22.4
https://www.dearmanga.com/action/3x3-eyes,0,5,0%,23.8
https://www.dearmanga.com/action/call-of-the-night,0,5,0%,27.6
https://www.dearmanga.com/action/steel-ball-run,0,5,0%,28.6
https://www.dearmanga.com/action/kenichi-disciple,0,5,0%,31.8
https://www.dearmanga.com/romance/versailles-no-bara,0,5,0%,36.6
https://www.dearmanga.com/action/rave-master,0,5,0%,38.8
https://www.dearmanga.com/horror/bio-meat-nectar,0,5,0%,40.4
https://www.dearmanga.com/fantasy/oriko-magica,0,5,0%,42.4
https://www.dearmanga.com/sci-fi/they-were-eleven,0,5,0%,43.6
https://www.dearmanga.com/fantasy/shakugan-no-shana,0,5,0%,50
https://www.dearmanga.com/slice-of-life/golden-boy,0,5,0%,52.8
https://www.dearmanga.com/sports/yuri-on-ice,0,5,0%,55.8
https://www.dearmanga.com/romance/love-chunibyo,0,5,0%,62.4
https://www.dearmanga.com/romance/ultra-maniac,0,5,0%,63.2
https://www.dearmanga.com/historical/hidamari-no-ki,0,4,0%,2.5
https://www.dearmanga.com/historical/nobunaga-no-chef,0,4,0%,4.25
https://www.dearmanga.com/slice-of-life/sazae-san,0,4,0%,4.25
https://www.dearmanga.com/sports/welcome-to-the-ballroom,0,4,0%,5
https://www.dearmanga.com/romance/yurara,0,4,0%,5.25
https://www.dearmanga.com/action/ninku,0,4,0%,5.5
https://www.dearmanga.com/action/gto-shonan-14-days,0,4,0%,6
https://www.dearmanga.com/horror/talentless-nana,0,4,0%,6
https://www.dearmanga.com/romance/dangers-in-my-heart,0,4,0%,6.5
https://www.dearmanga.com/slice-of-life/bartender,0,4,0%,6.5
https://www.dearmanga.com/sci-fi/origin-boichi,0,4,0%,6.75
https://www.dearmanga.com/slice-of-life/always-sunset-on-third-street,0,4,0%,6.75
https://www.dearmanga.com/sports/dokaben,0,4,0%,6.75
https://www.dearmanga.com/action/otokojuku,0,4,0%,7
https://www.dearmanga.com/horror/the-flowers-of-evil,0,4,0%,7.25
https://www.dearmanga.com/sports/dai-koshien,0,4,0%,7.25
https://www.dearmanga.com/slice-of-life/chibi-maruko-chan,0,4,0%,7.5
https://www.dearmanga.com/slice-of-life/kaiji,0,4,0%,7.5
https://www.dearmanga.com/fantasy/chillin-another-world,0,4,0%,7.75
https://www.dearmanga.com/fantasy/unico,0,4,0%,7.75
https://www.dearmanga.com/fantasy/final-fantasy-lost-stranger,0,4,0%,8
https://www.dearmanga.com/action/mercenary-enrollment,0,4,0%,8.25
https://www.dearmanga.com/sci-fi/sword-art-online-progressive,0,4,0%,8.25
https://www.dearmanga.com/horror/parasyte,0,4,0%,8.75
https://www.dearmanga.com/romance/classmates,0,4,0%,8.75
https://www.dearmanga.com/romance/shikimori-not-just-a-cutie,0,4,0%,8.75
https://www.dearmanga.com/sports/dokaben-pro-yakyuhen,0,4,0%,8.75
https://www.dearmanga.com/fantasy/perman,0,4,0%,9
https://www.dearmanga.com/action/gin-to-kin,0,4,0%,9.25
https://www.dearmanga.com/romance/blue-box,0,4,0%,9.25
https://www.dearmanga.com/sports/ring-ni-kakero,0,4,0%,9.25
https://www.dearmanga.com/fantasy/reincarnated-as-sword,0,4,0%,9.5
https://www.dearmanga.com/horror/biomeat,0,4,0%,9.5
https://www.dearmanga.com/fantasy/iceblade-sorcerer,0,4,0%,10
https://www.dearmanga.com/fantasy/boku-no-son-goku,0,4,0%,10.25
https://www.dearmanga.com/sports/eyeshield-21,0,4,0%,10.25
https://www.dearmanga.com/romance/land-of-the-blindfolded,0,4,0%,11
https://www.dearmanga.com/sports/teppu,0,4,0%,12.25
https://www.dearmanga.com/slice-of-life/3-gatsu-no-lion,0,4,0%,12.5
https://www.dearmanga.com/slice-of-life/lucky-star,0,4,0%,12.75
https://www.dearmanga.com/romance/fukumenkei-noise,0,4,0%,14
https://www.dearmanga.com/slice-of-life/genshiken-nidaime,0,4,0%,14
https://www.dearmanga.com/romance/how-do-we-relationship,0,4,0%,15.5
https://www.dearmanga.com/sci-fi/lost-world-tezuka,0,4,0%,16.25
https://www.dearmanga.com/action/big-order,0,4,0%,17
https://www.dearmanga.com/slice-of-life/cooking-master-boy,0,4,0%,18
https://www.dearmanga.com/action/gamaran,0,4,0%,19
https://www.dearmanga.com/horror/girl-from-the-other-side,0,4,0%,19.5
https://www.dearmanga.com/horror/akuma-kun,0,4,0%,21.75
https://www.dearmanga.com/action/zombie-powder,0,4,0%,22
https://www.dearmanga.com/sports/ore-wa-teppei,0,4,0%,22.5
https://www.dearmanga.com/action/vinland-saga,0,4,0%,22.75
https://www.dearmanga.com/sci-fi/ghost-in-the-shell-stand-alone-complex,0,4,0%,24.75
https://www.dearmanga.com/horror/elfen-lied,0,4,0%,25
https://www.dearmanga.com/romance/candy-candy,0,4,0%,25.25
https://www.dearmanga.com/slice-of-life/ramen-discovery-legend,0,4,0%,25.25
https://www.dearmanga.com/romance/love-and-lies,0,4,0%,26.5
https://www.dearmanga.com/fantasy/no-game-no-life,0,4,0%,27
https://www.dearmanga.com/fantasy/shirahime-syo,0,4,0%,28.25
https://www.dearmanga.com/fantasy/villainess-level-99,0,4,0%,31.5
https://www.dearmanga.com/slice-of-life/barakamon,0,4,0%,31.5
https://www.dearmanga.com/sci-fi/domu,0,4,0%,32
https://www.dearmanga.com/action/kengan-ashura,0,4,0%,34
https://www.dearmanga.com/fantasy/mahou-sensei-negima,0,4,0%,36.25
https://www.dearmanga.com/fantasy/magical-pokemon-journey,0,4,0%,37.75
https://www.dearmanga.com/slice-of-life/umizaru,0,4,0%,38.5
https://www.dearmanga.com/sports/baby-steps,0,4,0%,38.5
https://www.dearmanga.com/sci-fi/8-man,0,4,0%,39.25
https://www.dearmanga.com/romance/kase-san,0,4,0%,39.5
https://www.dearmanga.com/horror/shibito-no-koe,0,4,0%,40.5
https://www.dearmanga.com/slice-of-life/gabriel-dropout,0,4,0%,43.75
https://www.dearmanga.com/romance/taiyou-no-ie,0,4,0%,44.25
https://www.dearmanga.com/romance/sora-no-otoshimono,0,4,0%,47.25
https://www.dearmanga.com/romance/gentlemens-alliance-cross,0,4,0%,50.75
https://www.dearmanga.com/sci-fi/children-of-the-whales,0,4,0%,51.5
https://www.dearmanga.com/sci-fi/look-back,0,4,0%,53
https://www.dearmanga.com/sports/kuroko-extra-game,0,4,0%,54.25
https://www.dearmanga.com/action/medaka-box,0,4,0%,56.25
https://www.dearmanga.com/fantasy/rosario-vampire,0,4,0%,60.25
https://www.dearmanga.com/fantasy/tokyo-mew-mew-new,0,4,0%,60.5
https://www.dearmanga.com/fantasy/witch-craft-works,0,4,0%,66
https://www.dearmanga.com/romance/his-and-her-circumstances,0,4,0%,66.5
https://www.dearmanga.com/romance/ichigo-100,0,4,0%,76.5
https://www.dearmanga.com/romance/paradise-kiss,0,4,0%,87.75
https://www.dearmanga.com/romance/japonesque,0,3,0%,2
https://www.dearmanga.com/sports/kyudo-kun,0,3,0%,2.33
https://www.dearmanga.com/slice-of-life/lazy-pair,0,3,0%,3
https://www.dearmanga.com/action/wild-7,0,3,0%,3.67
https://www.dearmanga.com/,0,3,0%,4
https://www.dearmanga.com/horror/master-keaton,0,3,0%,4
https://www.dearmanga.com/slice-of-life/detroit-metal-city,0,3,0%,5
https://www.dearmanga.com/horror/balbora,0,3,0%,5.67
https://www.dearmanga.com/sports/captain-manga,0,3,0%,5.67
https://www.dearmanga.com/sports/gamba-fly-high,0,3,0%,5.67
https://www.dearmanga.com/action/genocyber,0,3,0%,6
https://www.dearmanga.com/historical/ashi-girl,0,3,0%,6.33
https://www.dearmanga.com/romance/suki-dakara-suki,0,3,0%,6.67
https://www.dearmanga.com/sci-fi/flcl,0,3,0%,6.67
https://www.dearmanga.com/romance/translucent,0,3,0%,7
https://www.dearmanga.com/sci-fi/genma-taisen,0,3,0%,7.33
https://www.dearmanga.com/slice-of-life/not-love-but-delicious-foods,0,3,0%,7.33
https://www.dearmanga.com/romance/blue-spring-ride,0,3,0%,7.67
https://www.dearmanga.com/action/ayako,0,3,0%,8
https://www.dearmanga.com/action/otokozaka,0,3,0%,8
https://www.dearmanga.com/action/violence-jack,0,3,0%,8
https://www.dearmanga.com/action/classroom-of-the-elite,0,3,0%,8.33
https://www.dearmanga.com/fantasy/berserk-of-gluttony,0,3,0%,8.33
https://www.dearmanga.com/horror/blood-on-the-tracks,0,3,0%,8.33
https://www.dearmanga.com/sci-fi/liar-game,0,3,0%,8.33
https://www.dearmanga.com/slice-of-life/hayate-the-combat-butler,0,3,0%,8.33
https://www.dearmanga.com/slice-of-life/marvelous-melmo,0,3,0%,8.33
https://www.dearmanga.com/action/hakuryuu,0,3,0%,8.67
https://www.dearmanga.com/fantasy/wistoria-wand-and-sword,0,3,0%,8.67
https://www.dearmanga.com/horror/rozen-maiden,0,3,0%,8.67
https://www.dearmanga.com/slice-of-life/three-days-of-happiness,0,3,0%,8.67
https://www.dearmanga.com/romance/heart-of-thomas,0,3,0%,9
https://www.dearmanga.com/sports/inazuma-eleven,0,3,0%,9
https://www.dearmanga.com/action/fatal-fury,0,3,0%,9.33
https://www.dearmanga.com/action/tekkon-kinkreet,0,3,0%,9.67
https://www.dearmanga.com/action/the-eminence-in-shadow,0,3,0%,9.67
https://www.dearmanga.com/action/monster-musume,0,3,0%,10
https://www.dearmanga.com/romance/super-lovers,0,3,0%,10
https://www.dearmanga.com/action/otoko-ippiki-gaki-daisho,0,3,0%,10.33
https://www.dearmanga.com/horror/i-am-a-hero,0,3,0%,10.33
https://www.dearmanga.com/slice-of-life/tensai-bakabon,0,3,0%,10.67
https://www.dearmanga.com/sports/cherry-project,0,3,0%,11.67
https://www.dearmanga.com/sports/hajime-no-ippo,0,3,0%,11.67
https://www.dearmanga.com/sports/new-prince-of-tennis,0,3,0%,12
https://www.dearmanga.com/historical/hagure-kumo,0,3,0%,12.33
https://www.dearmanga.com/slice-of-life/town-of-evening-calm,0,3,0%,12.67
https://www.dearmanga.com/action/susanoo-manga,0,3,0%,13.67
https://www.dearmanga.com/fantasy/return-of-the-mount-hua-sect,0,3,0%,14
https://www.dearmanga.com/slice-of-life/eizouken,0,3,0%,14.33
https://www.dearmanga.com/romance/to-love-ru-darkness,0,3,0%,16.33
https://www.dearmanga.com/sci-fi/please-save-my-earth,0,3,0%,16.67
https://www.dearmanga.com/horror/shimauma,0,3,0%,17.67
https://www.dearmanga.com/romance/takagi-san,0,3,0%,17.67
https://www.dearmanga.com/sports/rikudo,0,3,0%,19
https://www.dearmanga.com/romance/urusei-yatsura,0,3,0%,21
https://www.dearmanga.com/sports/all-rounder-meguru,0,3,0%,21
https://www.dearmanga.com/sports/ore-tachi-no-field,0,3,0%,21.33
https://www.dearmanga.com/romance/failed-princesses,0,3,0%,22.33
https://www.dearmanga.com/sci-fi/20th-century-boys,0,3,0%,22.33
https://www.dearmanga.com/fantasy/chainsaw-man,0,3,0%,23.33
https://www.dearmanga.com/action/bleach,0,3,0%,23.67
https://www.dearmanga.com/sci-fi/terra-formars,0,3,0%,23.67
https://www.dearmanga.com/action/seraph-of-the-end,0,3,0%,25
https://www.dearmanga.com/action/mission-yozakura-family,0,3,0%,25.33
https://www.dearmanga.com/horror/the-drifting-classroom,0,3,0%,25.67
https://www.dearmanga.com/fantasy/tales-of-wedding-rings,0,3,0%,26.33
https://www.dearmanga.com/sci-fi/guyver,0,3,0%,28
https://www.dearmanga.com/fantasy/hime-chan-no-ribbon,0,3,0%,29.33
https://www.dearmanga.com/sci-fi/saikano,0,3,0%,29.33
https://www.dearmanga.com/sci-fi/babel-ii,0,3,0%,31
https://www.dearmanga.com/horror/ibitsu,0,3,0%,31.33
https://www.dearmanga.com/action/toriko,0,3,0%,32.67
https://www.dearmanga.com/fantasy/my-master-has-no-tail,0,3,0%,32.67
https://www.dearmanga.com/fantasy/the-vampire-dies-in-no-time,0,3,0%,37.67
https://www.dearmanga.com/action/uq-holder,0,3,0%,39
https://www.dearmanga.com/action/platinum-end,0,3,0%,39.67
https://www.dearmanga.com/romance/wedding-peach,0,3,0%,40.67
https://www.dearmanga.com/action/sket-dance,0,3,0%,46.33
https://www.dearmanga.com/slice-of-life/konohana-kitan,0,3,0%,46.67
https://www.dearmanga.com/sports/chihayafuru,0,3,0%,48
https://www.dearmanga.com/fantasy/buster-keel,0,3,0%,48.67
https://www.dearmanga.com/horror/dissolving-classroom,0,3,0%,50
https://www.dearmanga.com/slice-of-life/hi-score-girl,0,3,0%,50.33
https://www.dearmanga.com/slice-of-life/drops-of-god,0,3,0%,52.33
https://www.dearmanga.com/action/dragon-drive,0,3,0%,53.33
https://www.dearmanga.com/action/pokemon-adventures,0,3,0%,54
https://www.dearmanga.com/action/act-age,0,3,0%,54.67
https://www.dearmanga.com/horror/kuro-manga,0,3,0%,57.67
https://www.dearmanga.com/slice-of-life/house-of-five-leaves,0,3,0%,63
https://www.dearmanga.com/slice-of-life/himouto-umaru-chan,0,3,0%,66
https://www.dearmanga.com/slice-of-life/my-brothers-husband,0,3,0%,67.67
https://www.dearmanga.com/horror/shiki,0,3,0%,68
https://www.dearmanga.com/slice-of-life/hyouka,0,3,0%,76.67
https://www.dearmanga.com/romance/rin-ne,0,3,0%,81
https://www.dearmanga.com/historical/nobunaga-no-shinobi,0,2,0%,3
https://www.dearmanga.com/action/iron-wok-jan,0,2,0%,3.5
https://www.dearmanga.com/action/mx0-manga,0,2,0%,3.5
https://www.dearmanga.com/horror/franken-fran,0,2,0%,3.5
https://www.dearmanga.com/slice-of-life/black-jack-creators-secret,0,2,0%,3.5
https://www.dearmanga.com/fantasy/urara-meirochou,0,2,0%,4
https://www.dearmanga.com/romance/dears,0,2,0%,4
https://www.dearmanga.com/sci-fi/battle-angel-alita-last-order,0,2,0%,4
https://www.dearmanga.com/slice-of-life/golden-lucky,0,2,0%,4
https://www.dearmanga.com/romance/kimagure-orange-road,0,2,0%,4.5
https://www.dearmanga.com/romance/hot-gimmick,0,2,0%,5
https://www.dearmanga.com/action/mukobuchi,0,2,0%,5.5
https://www.dearmanga.com/action/sailor-fuku-to-kikanjuu,0,2,0%,5.5
https://www.dearmanga.com/action/toupai,0,2,0%,5.5
https://www.dearmanga.com/horror/godchild,0,2,0%,5.5
https://www.dearmanga.com/sci-fi/alien-nine,0,2,0%,5.5
https://www.dearmanga.com/slice-of-life/yokai-watch,0,2,0%,5.5
https://www.dearmanga.com/sports/five-basketball,0,2,0%,5.5
https://www.dearmanga.com/action/mar,0,2,0%,6
https://www.dearmanga.com/historical/nobunaga-concerto,0,2,0%,6
https://www.dearmanga.com/horror/kasane,0,2,0%,6
https://www.dearmanga.com/sci-fi/emanon,0,2,0%,6
https://www.dearmanga.com/action/ayakashi-triangle,0,2,0%,6.5
https://www.dearmanga.com/fantasy/in-another-world-smartphone,0,2,0%,6.5
https://www.dearmanga.com/horror/heat-buronson,0,2,0%,6.5
https://www.dearmanga.com/romance/mari-to-shingo,0,2,0%,6.5
https://www.dearmanga.com/slice-of-life/hinamatsuri,0,2,0%,6.5
https://www.dearmanga.com/slice-of-life/quest-for-the-missing-girl,0,2,0%,6.5
https://www.dearmanga.com/slice-of-life/tetsunabe-no-jan,0,2,0%,6.5
https://www.dearmanga.com/horror/ode-to-kirihito,0,2,0%,7
https://www.dearmanga.com/sci-fi/dr-stone-reboot-byakuya,0,2,0%,7
https://www.dearmanga.com/sports/swan-manga,0,2,0%,7
https://www.dearmanga.com/action/phantom-seer,0,2,0%,7.5
https://www.dearmanga.com/action/the-fable,0,2,0%,7.5
https://www.dearmanga.com/action/tomodachi-game,0,2,0%,7.5
https://www.dearmanga.com/action/zom-100,0,2,0%,7.5
https://www.dearmanga.com/fantasy/nano-machine,0,2,0%,7.5
https://www.dearmanga.com/horror/dark-gathering,0,2,0%,7.5
https://www.dearmanga.com/romance/crimson-spell,0,2,0%,7.5
https://www.dearmanga.com/slice-of-life/crayon-shin-chan,0,2,0%,7.5
https://www.dearmanga.com/action/chronicles-of-an-aristocrat,0,2,0%,8
https://www.dearmanga.com/fantasy/heroic-legend-of-arslan,0,2,0%,8
https://www.dearmanga.com/romance/chibi-vampire,0,2,0%,8
https://www.dearmanga.com/sci-fi/captain-ken,0,2,0%,8
https://www.dearmanga.com/sports/slam-dunk,0,2,0%,8
https://www.dearmanga.com/action/wild-adapter,0,2,0%,8.5
https://www.dearmanga.com/fantasy/kamakura-story,0,2,0%,8.5
https://www.dearmanga.com/horror/fort-of-apocalypse,0,2,0%,8.5
https://www.dearmanga.com/romance/bara-no-tame-ni,0,2,0%,8.5
https://www.dearmanga.com/sci-fi/darwin-game,0,2,0%,8.5
https://www.dearmanga.com/fantasy/magical-circle-guruguru,0,2,0%,9
https://www.dearmanga.com/fantasy/soul-hunter,0,2,0%,9
https://www.dearmanga.com/romance/boarding-school-juliet,0,2,0%,9
https://www.dearmanga.com/romance/suna-no-shiro,0,2,0%,9
https://www.dearmanga.com/romance/true-beauty,0,2,0%,9
https://www.dearmanga.com/sci-fi/gin-no-sankaku,0,2,0%,9
https://www.dearmanga.com/slice-of-life/isekai-izakaya,0,2,0%,9
https://www.dearmanga.com/slice-of-life/my-neighbor-seki,0,2,0%,9
https://www.dearmanga.com/action/durarara,0,2,0%,9.5
https://www.dearmanga.com/action/karate-master,0,2,0%,9.5
https://www.dearmanga.com/fantasy/accomplishments-of-the-dukes-daughter,0,2,0%,9.5
https://www.dearmanga.com/fantasy/arifureta,0,2,0%,9.5
https://www.dearmanga.com/fantasy/somali-forest-spirit,0,2,0%,9.5
https://www.dearmanga.com/romance/duke-of-death-and-his-maid,0,2,0%,9.5
https://www.dearmanga.com/romance/inu-x-boku,0,2,0%,9.5
https://www.dearmanga.com/romance/marriage-of-convenience,0,2,0%,9.5
https://www.dearmanga.com/sci-fi/brynhildr-darkness,0,2,0%,9.5
https://www.dearmanga.com/slice-of-life/sweat-and-soap,0,2,0%,9.5
https://www.dearmanga.com/sports/kamigami-no-itadaki,0,2,0%,9.5
https://www.dearmanga.com/sports/levius-est,0,2,0%,9.5
https://www.dearmanga.com/action/saint-seiya,0,2,0%,10
https://www.dearmanga.com/fantasy/red-data-girl,0,2,0%,10
https://www.dearmanga.com/romance/tokyo-tarareba-girls,0,2,0%,10
https://www.dearmanga.com/sci-fi/dominion,0,2,0%,10
https://www.dearmanga.com/slice-of-life/shonen-ashibe,0,2,0%,10
https://www.dearmanga.com/sports/dokaben-super-stars,0,2,0%,10
https://www.dearmanga.com/sports/rookies,0,2,0%,10
https://www.dearmanga.com/action/prison-school,0,2,0%,10.5
https://www.dearmanga.com/fantasy/paros-no-ken,0,2,0%,10.5
https://www.dearmanga.com/horror/innocent,0,2,0%,10.5
https://www.dearmanga.com/slice-of-life/a-certain-scientific-railgun,0,2,0%,10.5
https://www.dearmanga.com/slice-of-life/i-want-to-eat-your-pancreas,0,2,0%,10.5
https://www.dearmanga.com/slice-of-life/jarinko-chie,0,2,0%,10.5
https://www.dearmanga.com/sports/1-2-no-sanshiro,0,2,0%,10.5
https://www.dearmanga.com/sports/free-manga,0,2,0%,10.5
https://www.dearmanga.com/action/magi-sinbad,0,2,0%,11
https://www.dearmanga.com/action/ragna-crimson,0,2,0%,11
https://www.dearmanga.com/fantasy/kill-the-hero,0,2,0%,11
https://www.dearmanga.com/fantasy/the-youngest-princess,0,2,0%,11
https://www.dearmanga.com/sports/major-2nd,0,2,0%,11
https://www.dearmanga.com/fantasy/farming-life-another-world,0,2,0%,11.5
https://www.dearmanga.com/romance/the-100-girlfriends,0,2,0%,11.5
https://www.dearmanga.com/sports/haikyuu,0,2,0%,11.5
https://www.dearmanga.com/action/persona-4,0,2,0%,12
https://www.dearmanga.com/slice-of-life/one-fine-day,0,2,0%,12
https://www.dearmanga.com/action/gto-early-years,0,2,0%,13
https://www.dearmanga.com/action/chrono-crusade,0,2,0%,13.5
https://www.dearmanga.com/fantasy/time-stop-hero,0,2,0%,14
https://www.dearmanga.com/horror/after-school-nightmare,0,2,0%,14.5
https://www.dearmanga.com/slice-of-life/doraemon,0,2,0%,15
https://www.dearmanga.com/sports/beyblade,0,2,0%,17.5
https://www.dearmanga.com/historical/fuunji-tachi,0,2,0%,18
https://www.dearmanga.com/action/worst,0,2,0%,19
https://www.dearmanga.com/romance/sundome,0,2,0%,19
https://www.dearmanga.com/historical/ooi-ryoma,0,2,0%,19.5
https://www.dearmanga.com/slice-of-life/machikado-mazoku,0,2,0%,20.5
https://www.dearmanga.com/action/tekken-chinmi,0,2,0%,22
https://www.dearmanga.com/romance/from-now-on-we-begin-ethics,0,2,0%,22
https://www.dearmanga.com/slice-of-life/kuishinbo,0,2,0%,22
https://www.dearmanga.com/romance/saekano,0,2,0%,23.5
https://www.dearmanga.com/romance/snow-drop,0,2,0%,24.5
https://www.dearmanga.com/sci-fi/cyborg-009,0,2,0%,24.5
https://www.dearmanga.com/romance/hana-yori-dango,0,2,0%,25
https://www.dearmanga.com/action/ginga-nagareboshi-gin,0,2,0%,26
https://www.dearmanga.com/slice-of-life/yugami-kun,0,2,0%,26
https://www.dearmanga.com/action/radiant,0,2,0%,26.5
https://www.dearmanga.com/fantasy/vision-of-escaflowne,0,2,0%,26.5
https://www.dearmanga.com/fantasy/wolf-parchment,0,2,0%,27.5
https://www.dearmanga.com/slice-of-life/nodame-cantabile,0,2,0%,27.5
https://www.dearmanga.com/fantasy/familiar-of-zero,0,2,0%,28
https://www.dearmanga.com/fantasy/requiem-rose-king,0,2,0%,28
https://www.dearmanga.com/action/chronos-ruler,0,2,0%,28.5
https://www.dearmanga.com/sci-fi/dorohedoro,0,2,0%,30.5
https://www.dearmanga.com/action/young-miss-holmes,0,2,0%,31.5
https://www.dearmanga.com/action/attack-on-titan-junior-high,0,2,0%,32
https://www.dearmanga.com/romance/the-girl-i-like-forgot-her-glasses,0,2,0%,32
https://www.dearmanga.com/sci-fi/infinite-stratos,0,2,0%,32.5
https://www.dearmanga.com/sci-fi/girls-last-tour,0,2,0%,35.5
https://www.dearmanga.com/fantasy/midnight-occult-civil-servants,0,2,0%,36.5
https://www.dearmanga.com/romance/my-bride-is-a-mermaid,0,2,0%,36.5
https://www.dearmanga.com/romance/red-river,0,2,0%,38
https://www.dearmanga.com/fantasy/black-butler,0,2,0%,38.5
https://www.dearmanga.com/fantasy/iruma-kun,0,2,0%,39.5
https://www.dearmanga.com/action/one-piece,0,2,0%,40.5
https://www.dearmanga.com/fantasy/goblin-slayer-year-one,0,2,0%,41
https://www.dearmanga.com/action/samurai-deeper-kyo,0,2,0%,41.5
https://www.dearmanga.com/fantasy/vanitas-no-carte,0,2,0%,41.5
https://www.dearmanga.com/fantasy/vermeil-in-gold,0,2,0%,41.5
https://www.dearmanga.com/romance/bloom-into-you,0,2,0%,42
https://www.dearmanga.com/sci-fi/dna2,0,2,0%,42
https://www.dearmanga.com/slice-of-life/makanai,0,2,0%,42.5
https://www.dearmanga.com/romance/kamisama-kiss,0,2,0%,43
https://www.dearmanga.com/sci-fi/thermae-romae,0,2,0%,43.5
https://www.dearmanga.com/fantasy/dragon-quest-dai,0,2,0%,44.5
https://www.dearmanga.com/romance/absolute-boyfriend,0,2,0%,46
https://www.dearmanga.com/action/ushio-and-tora,0,2,0%,47
https://www.dearmanga.com/romance/even-though-were-adults,0,2,0%,51
https://www.dearmanga.com/fantasy/trapped-in-dating-sim,0,2,0%,51.5
https://www.dearmanga.com/romance/tokyo-mew-mew,0,2,0%,51.5
https://www.dearmanga.com/slice-of-life/mangaka-san-to-assistant,0,2,0%,51.5
https://www.dearmanga.com/romance/love-hina,0,2,0%,52
https://www.dearmanga.com/sci-fi/nausicaa,0,2,0%,53
https://www.dearmanga.com/sports/ten-dance,0,2,0%,54
https://www.dearmanga.com/romance/love-so-life,0,2,0%,55.5
https://www.dearmanga.com/action/tokyo-crazy-paradise,0,2,0%,56.5
https://www.dearmanga.com/horror/my-broken-mariko,0,2,0%,62
https://www.dearmanga.com/romance/romantic-killer,0,2,0%,63.5
https://www.dearmanga.com/action/bungou-stray-dogs,0,2,0%,65.5
https://www.dearmanga.com/action/crossbone-gundam,0,2,0%,65.5
https://www.dearmanga.com/romance/daytime-shooting-star,0,2,0%,67.5
https://www.dearmanga.com/romance/full-house,0,2,0%,68
https://www.dearmanga.com/sci-fi/mahoromatic,0,2,0%,68.5
https://www.dearmanga.com/slice-of-life/encouragement-of-climb,0,2,0%,70.5
https://www.dearmanga.com/sports/major,0,2,0%,71.5
https://www.dearmanga.com/romance/anonymous-noise,0,2,0%,76
https://www.dearmanga.com/action/dr-stone,0,2,0%,77.5
https://www.dearmanga.com/fantasy/princess-tutu,0,2,0%,83
https://www.dearmanga.com/romance/sweet-blue-flowers,0,2,0%,88
https://www.dearmanga.com/action/eko-eko-azarak,0,2,0%,91
https://www.dearmanga.com/action/juncket-bank,0,1,0%,1
https://www.dearmanga.com/action/zero,0,1,0%,1
https://www.dearmanga.com/horror/nijigahara-holograph,0,1,0%,1
https://www.dearmanga.com/romance/oreshura,0,1,0%,1
https://www.dearmanga.com/romance/ultra-romantic,0,1,0%,1
https://www.dearmanga.com/sci-fi/spirit-chronicles,0,1,0%,1
https://www.dearmanga.com/slice-of-life/ryuuou-no-oshigoto,0,1,0%,1
https://www.dearmanga.com/sports/kyojin-no-hoshi,0,1,0%,1
https://www.dearmanga.com/romance/crossroad,0,1,0%,2
https://www.dearmanga.com/slice-of-life/angel-bank,0,1,0%,2
https://www.dearmanga.com/slice-of-life/metamorphose-no-engawa,0,1,0%,2
https://www.dearmanga.com/slice-of-life/witch-printing-office,0,1,0%,2
https://www.dearmanga.com/action/karakuri-circus,0,1,0%,3
https://www.dearmanga.com/fantasy/wrong-way-healing-magic,0,1,0%,3
https://www.dearmanga.com/romance/mixed-vegetables,0,1,0%,3
https://www.dearmanga.com/romance/sign-of-affection,0,1,0%,3
https://www.dearmanga.com/slice-of-life/gekiga-hyoryu,0,1,0%,3
https://www.dearmanga.com/sports/shojo-fight,0,1,0%,3
https://www.dearmanga.com/action/rokka-braves-six-flowers,0,1,0%,4
https://www.dearmanga.com/action/servamp,0,1,0%,4
https://www.dearmanga.com/fantasy/ranking-of-kings,0,1,0%,4
https://www.dearmanga.com/historical/kamui-den,0,1,0%,4
https://www.dearmanga.com/horror/dead-tube,0,1,0%,4
https://www.dearmanga.com/horror/zeni-geba,0,1,0%,4
https://www.dearmanga.com/romance/harukanaru,0,1,0%,4
https://www.dearmanga.com/romance/pretty-face,0,1,0%,4
https://www.dearmanga.com/slice-of-life/genshiken,0,1,0%,4
https://www.dearmanga.com/slice-of-life/shokuking,0,1,0%,4
https://www.dearmanga.com/sports/dotsuitare,0,1,0%,4
https://www.dearmanga.com/action/drifters,0,1,0%,5
https://www.dearmanga.com/fantasy/solo-leveling,0,1,0%,5
https://www.dearmanga.com/fantasy/welcome-to-japan-ms-elf,0,1,0%,5
https://www.dearmanga.com/horror/devils-line,0,1,0%,5
https://www.dearmanga.com/horror/litchi-hikari-club,0,1,0%,5
https://www.dearmanga.com/horror/school-live,0,1,0%,5
https://www.dearmanga.com/horror/wolfsmund,0,1,0%,5
https://www.dearmanga.com/sci-fi/accel-world,0,1,0%,5
https://www.dearmanga.com/sci-fi/dawn-of-the-witch,0,1,0%,5
https://www.dearmanga.com/slice-of-life/hidamari-sketch,0,1,0%,5
https://www.dearmanga.com/slice-of-life/maus-mizuki,0,1,0%,5
https://www.dearmanga.com/slice-of-life/onward-towards-our-noble-deaths,0,1,0%,5
https://www.dearmanga.com/sports/katsu,0,1,0%,5
https://www.dearmanga.com/action/ayashimon,0,1,0%,6
https://www.dearmanga.com/action/garouden,0,1,0%,6
https://www.dearmanga.com/action/gto-manga,0,1,0%,6
https://www.dearmanga.com/fantasy/vampire-game,0,1,0%,6
https://www.dearmanga.com/horror/king-game,0,1,0%,6
https://www.dearmanga.com/romance/alice-19th,0,1,0%,6
https://www.dearmanga.com/romance/gals,0,1,0%,6
https://www.dearmanga.com/romance/portrait-of-m-and-n,0,1,0%,6
https://www.dearmanga.com/romance/the-devil-does-exist,0,1,0%,6
https://www.dearmanga.com/romance/yellow-manga,0,1,0%,6
https://www.dearmanga.com/sci-fi/nextworld-tezuka,0,1,0%,6
https://www.dearmanga.com/sci-fi/welcome-to-nhk,0,1,0%,6
https://www.dearmanga.com/slice-of-life/blank-canvas,0,1,0%,6
https://www.dearmanga.com/slice-of-life/houchoumin-ajihei,0,1,0%,6
https://www.dearmanga.com/slice-of-life/mister-ajikko,0,1,0%,6
https://www.dearmanga.com/slice-of-life/mister-pink,0,1,0%,6
https://www.dearmanga.com/slice-of-life/utsuru-n-desu,0,1,0%,6
https://www.dearmanga.com/sports/baki,0,1,0%,6
https://www.dearmanga.com/sports/pro-golfer-saru,0,1,0%,6
https://www.dearmanga.com/action/baccano,0,1,0%,7
https://www.dearmanga.com/action/psyren,0,1,0%,7
https://www.dearmanga.com/action/tenpai,0,1,0%,7
https://www.dearmanga.com/fantasy/witch-and-the-beast,0,1,0%,7
https://www.dearmanga.com/historical/mibugishiden,0,1,0%,7
https://www.dearmanga.com/horror/flowers-of-evil,0,1,0%,7
https://www.dearmanga.com/horror/voynich-hotel,0,1,0%,7
https://www.dearmanga.com/romance/ao-chan-cant-study,0,1,0%,7
https://www.dearmanga.com/romance/our-happy-hours,0,1,0%,7
https://www.dearmanga.com/sci-fi/lone-wolf-2100,0,1,0%,7
https://www.dearmanga.com/sci-fi/yokohama-station-sf,0,1,0%,7
https://www.dearmanga.com/slice-of-life/boys-run-the-riot,0,1,0%,7
https://www.dearmanga.com/slice-of-life/gokinjo-monogatari,0,1,0%,7
https://www.dearmanga.com/slice-of-life/inside-mari,0,1,0%,7
https://www.dearmanga.com/slice-of-life/kubo-wont-let-me-be-invisible,0,1,0%,7
https://www.dearmanga.com/slice-of-life/merman-in-my-tub,0,1,0%,7
https://www.dearmanga.com/slice-of-life/non-non-biyori,0,1,0%,7
https://www.dearmanga.com/sports/giant-killing,0,1,0%,7
https://www.dearmanga.com/sports/jaja,0,1,0%,7
https://www.dearmanga.com/sports/mf-ghost,0,1,0%,7
https://www.dearmanga.com/sports/samurai-giants,0,1,0%,7
https://www.dearmanga.com/action/hunter-x-hunter,0,1,0%,8
https://www.dearmanga.com/action/im-standing-on-a-million-lives,0,1,0%,8
https://www.dearmanga.com/action/plunderer,0,1,0%,8
https://www.dearmanga.com/action/ultimo,0,1,0%,8
https://www.dearmanga.com/fantasy/demon-diary,0,1,0%,8
https://www.dearmanga.com/romance/miyuki,0,1,0%,8
https://www.dearmanga.com/romance/tsubaki-chou-lonely-planet,0,1,0%,8
https://www.dearmanga.com/sci-fi/legend-of-the-galactic-heroes,0,1,0%,8
https://www.dearmanga.com/slice-of-life/amanchu,0,1,0%,8
https://www.dearmanga.com/slice-of-life/cats-of-the-louvre,0,1,0%,8
https://www.dearmanga.com/slice-of-life/daily-lives-of-high-school-boys,0,1,0%,8
https://www.dearmanga.com/slice-of-life/ningen-konchuki,0,1,0%,8
https://www.dearmanga.com/sports/over-drive,0,1,0%,8
https://www.dearmanga.com/sports/tsurune,0,1,0%,8
https://www.dearmanga.com/action/black-god,0,1,0%,9
https://www.dearmanga.com/action/food-wars,0,1,0%,9
https://www.dearmanga.com/action/futari-taka,0,1,0%,9
https://www.dearmanga.com/action/ghost-sweeper-mikami,0,1,0%,9
https://www.dearmanga.com/action/kurokami,0,1,0%,9
https://www.dearmanga.com/action/plus-anima,0,1,0%,9
https://www.dearmanga.com/action/saiki-k,0,1,0%,9
https://www.dearmanga.com/fantasy/himitsu-no-akko-chan,0,1,0%,9
https://www.dearmanga.com/fantasy/kaibutsu-kun,0,1,0%,9
https://www.dearmanga.com/fantasy/misfit-demon-king-academy,0,1,0%,9
https://www.dearmanga.com/historical/iga-no-kagemaru,0,1,0%,9
https://www.dearmanga.com/romance/a-girl-on-the-shore,0,1,0%,9
https://www.dearmanga.com/romance/golden-time,0,1,0%,9
https://www.dearmanga.com/romance/samurai-harem,0,1,0%,9
https://www.dearmanga.com/romance/silver-diamond,0,1,0%,9
https://www.dearmanga.com/romance/tramps-like-us,0,1,0%,9
https://www.dearmanga.com/sci-fi/7-billion-needles,0,1,0%,9
https://www.dearmanga.com/sci-fi/astro-boy,0,1,0%,9
https://www.dearmanga.com/slice-of-life/blue-giant-explorer,0,1,0%,9
https://www.dearmanga.com/slice-of-life/nanairo-inko,0,1,0%,9
https://www.dearmanga.com/sports/ace-wo-nerae,0,1,0%,9
https://www.dearmanga.com/sports/dear-boys,0,1,0%,9
https://www.dearmanga.com/sports/judo-club-story,0,1,0%,9
https://www.dearmanga.com/sports/submarine-707,0,1,0%,9
https://www.dearmanga.com/sports/whistle,0,1,0%,9
https://www.dearmanga.com/action/arm-of-kannon,0,1,0%,10
https://www.dearmanga.com/action/my-hero-academia-team-up-missions,0,1,0%,10
https://www.dearmanga.com/action/shaman-king-flowers,0,1,0%,10
https://www.dearmanga.com/action/ultimate-otaku-teacher,0,1,0%,10
https://www.dearmanga.com/fantasy/archdemons-dilemma,0,1,0%,10
https://www.dearmanga.com/fantasy/drug-and-drop,0,1,0%,10
https://www.dearmanga.com/fantasy/gekkou-jourei,0,1,0%,10
https://www.dearmanga.com/fantasy/maou-no-ore-ga,0,1,0%,10
https://www.dearmanga.com/fantasy/tsukimichi-moonlit-fantasy,0,1,0%,10
https://www.dearmanga.com/fantasy/uncle-from-another-world,0,1,0%,10
https://www.dearmanga.com/fantasy/xxxholic-rei,0,1,0%,10
https://www.dearmanga.com/fantasy/yona-of-the-dawn,0,1,0%,10
https://www.dearmanga.com/horror/hideout,0,1,0%,10
https://www.dearmanga.com/romance/boys-be,0,1,0%,10
https://www.dearmanga.com/romance/jajabako-groomin,0,1,0%,10
https://www.dearmanga.com/romance/last-game,0,1,0%,10
https://www.dearmanga.com/romance/meru-puri,0,1,0%,10
https://www.dearmanga.com/romance/we-never-learn,0,1,0%,10
https://www.dearmanga.com/sci-fi/clover-clamp,0,1,0%,10
https://www.dearmanga.com/slice-of-life/aho-girl,0,1,0%,10
https://www.dearmanga.com/sports/mix-meisei-story,0,1,0%,10
https://www.dearmanga.com/action/birdmen,0,1,0%,11
https://www.dearmanga.com/action/black-angels,0,1,0%,11
https://www.dearmanga.com/action/fist-of-the-north-star,0,1,0%,11
https://www.dearmanga.com/action/initial-d,0,1,0%,11
https://www.dearmanga.com/action/jujutsu-kaisen-0,0,1,0%,11
https://www.dearmanga.com/action/sgt-frog,0,1,0%,11
https://www.dearmanga.com/action/the-breaker,0,1,0%,11
https://www.dearmanga.com/fantasy/dead-mount-death-play,0,1,0%,11
https://www.dearmanga.com/fantasy/fate-stay-night,0,1,0%,11
https://www.dearmanga.com/fantasy/made-in-abyss,0,1,0%,11
https://www.dearmanga.com/fantasy/tearmoon-empire,0,1,0%,11
https://www.dearmanga.com/fantasy/the-remarried-empress,0,1,0%,11
https://www.dearmanga.com/historical/sengoku,0,1,0%,11
https://www.dearmanga.com/horror/kyofu-shinbun,0,1,0%,11
https://www.dearmanga.com/horror/life-is-money,0,1,0%,11
https://www.dearmanga.com/horror/prophecy,0,1,0%,11
https://www.dearmanga.com/romance/beauty-pop,0,1,0%,11
https://www.dearmanga.com/romance/clannad-manga,0,1,0%,11
https://www.dearmanga.com/romance/full-moon,0,1,0%,11
https://www.dearmanga.com/romance/gakuen-alice,0,1,0%,11
https://www.dearmanga.com/romance/given-manga,0,1,0%,11
https://www.dearmanga.com/romance/la-corda-doro,0,1,0%,11
https://www.dearmanga.com/romance/perfect-world,0,1,0%,11
https://www.dearmanga.com/romance/yamato-nadeshiko,0,1,0%,11
https://www.dearmanga.com/sci-fi/planetes,0,1,0%,11
https://www.dearmanga.com/slice-of-life/a-centaurs-life,0,1,0%,11
https://www.dearmanga.com/slice-of-life/asobi-asobase,0,1,0%,11
https://www.dearmanga.com/slice-of-life/bambino,0,1,0%,11
https://www.dearmanga.com/slice-of-life/gourmet-detective-akechi,0,1,0%,11
https://www.dearmanga.com/slice-of-life/minami-ke,0,1,0%,11
https://www.dearmanga.com/slice-of-life/my-boy,0,1,0%,11
https://www.dearmanga.com/slice-of-life/nasu,0,1,0%,11
https://www.dearmanga.com/slice-of-life/rumic-world,0,1,0%,11
https://www.dearmanga.com/slice-of-life/yokohama-shopping-log,0,1,0%,11
https://www.dearmanga.com/sports/aim-for-the-ace,0,1,0%,11
https://www.dearmanga.com/sports/haruka-17,0,1,0%,11
https://www.dearmanga.com/sports/harukana-receive,0,1,0%,11
https://www.dearmanga.com/fantasy/angel-sanctuary,0,1,0%,12
https://www.dearmanga.com/fantasy/faraway-paladin,0,1,0%,12
https://www.dearmanga.com/fantasy/sleepy-princess,0,1,0%,12
https://www.dearmanga.com/fantasy/worlds-finest-assassin-reincarnated,0,1,0%,12
https://www.dearmanga.com/horror/yamishibai-manga,0,1,0%,12
https://www.dearmanga.com/romance/challengers-bl,0,1,0%,12
https://www.dearmanga.com/romance/dengeki-daisy,0,1,0%,12
https://www.dearmanga.com/romance/from-far-away,0,1,0%,12
https://www.dearmanga.com/romance/high-school-debut,0,1,0%,12
https://www.dearmanga.com/romance/junjou-romantica,0,1,0%,12
https://www.dearmanga.com/romance/peach-girl,0,1,0%,12
https://www.dearmanga.com/romance/yakuza-lover,0,1,0%,12
https://www.dearmanga.com/sci-fi/akira-club,0,1,0%,12
https://www.dearmanga.com/sci-fi/outlanders,0,1,0%,12
https://www.dearmanga.com/sci-fi/to-your-eternity,0,1,0%,12
https://www.dearmanga.com/sports/yowamushi-pedal,0,1,0%,12
https://www.dearmanga.com/action/demon-slayer,0,1,0%,13
https://www.dearmanga.com/fantasy/most-heretical-last-boss-queen,0,1,0%,13
https://www.dearmanga.com/horror/murcielago,0,1,0%,13
https://www.dearmanga.com/sci-fi/ghost-in-the-shell,0,1,0%,13
https://www.dearmanga.com/action/kyo-kara-ore-wa,0,1,0%,14
https://www.dearmanga.com/slice-of-life/abandon-the-old-in-tokyo,0,1,0%,14
https://www.dearmanga.com/action/tegami-bachi,0,1,0%,15
https://www.dearmanga.com/fantasy/tokyo-babylon,0,1,0%,17
https://www.dearmanga.com/horror/panorama-of-hell,0,1,0%,17
https://www.dearmanga.com/romance/tenshi-ja-nai,0,1,0%,17
https://www.dearmanga.com/sci-fi/ooku,0,1,0%,17
https://www.dearmanga.com/action/one-punch-man,0,1,0%,18
https://www.dearmanga.com/romance/shinobi-life,0,1,0%,18
https://www.dearmanga.com/slice-of-life/squid-girl,0,1,0%,19
https://www.dearmanga.com/sci-fi/no-guns-life,0,1,0%,20
https://www.dearmanga.com/slice-of-life/kamikaze-girls,0,1,0%,20
https://www.dearmanga.com/romance/the-wallflower,0,1,0%,21
https://www.dearmanga.com/slice-of-life/guardians-of-the-louvre,0,1,0%,21
https://www.dearmanga.com/slice-of-life/ms-koizumi-loves-ramen,0,1,0%,25
https://www.dearmanga.com/sci-fi/future-diary,0,1,0%,27
https://www.dearmanga.com/fantasy/magic-knight-rayearth-2,0,1,0%,28
https://www.dearmanga.com/fantasy/tsubasa-reservoir-chronicle,0,1,0%,29
https://www.dearmanga.com/horror/my-home-hero,0,1,0%,34
https://www.dearmanga.com/romance/vampire-doll,0,1,0%,35
https://www.dearmanga.com/action/good-luck-girl,0,1,0%,37
https://www.dearmanga.com/horror/beautiful-bones-sakurako,0,1,0%,37
https://www.dearmanga.com/horror/model-manhwa,0,1,0%,37
https://www.dearmanga.com/sci-fi/kokkoku,0,1,0%,37
https://www.dearmanga.com/romance/goong,0,1,0%,38
https://www.dearmanga.com/horror/lovesickness,0,1,0%,39
https://www.dearmanga.com/fantasy/legendz,0,1,0%,40
https://www.dearmanga.com/horror/shutendoji,0,1,0%,40
https://www.dearmanga.com/action/lone-wolf-and-cub,0,1,0%,41
https://www.dearmanga.com/slice-of-life/bunny-drop,0,1,0%,41
https://www.dearmanga.com/fantasy/merchant-meets-wise-wolf,0,1,0%,42
https://www.dearmanga.com/fantasy/shoulder-a-coffin-kuro,0,1,0%,42
https://www.dearmanga.com/action/assassination-classroom,0,1,0%,44
https://www.dearmanga.com/slice-of-life/marimite,0,1,0%,44
https://www.dearmanga.com/fantasy/a-returners-magic,0,1,0%,47
https://www.dearmanga.com/horror/the-summit-of-the-gods,0,1,0%,47
https://www.dearmanga.com/romance/taisho-otome-fairy-tale,0,1,0%,47
https://www.dearmanga.com/horror/blood-plus-manga,0,1,0%,48
https://www.dearmanga.com/horror/death-note,0,1,0%,48
https://www.dearmanga.com/romance/rent-a-girlfriend,0,1,0%,48
https://www.dearmanga.com/romance/why-the-hell-are-you-here-teacher,0,1,0%,48
https://www.dearmanga.com/fantasy/tales-of-the-abyss,0,1,0%,49
https://www.dearmanga.com/romance/love-in-focus,0,1,0%,49
https://www.dearmanga.com/fantasy/bloody-cross,0,1,0%,50
https://www.dearmanga.com/fantasy/chivalry-failed-knight,0,1,0%,50
https://www.dearmanga.com/fantasy/miyuki-chan-wonderland,0,1,0%,50
https://www.dearmanga.com/romance/iris-zero,0,1,0%,50
https://www.dearmanga.com/sci-fi/gundam-wing,0,1,0%,50
https://www.dearmanga.com/fantasy/otome-game-sekai,0,1,0%,53
https://www.dearmanga.com/slice-of-life/piano-no-mori,0,1,0%,53
https://www.dearmanga.com/fantasy/my-isekai-life,0,1,0%,55
https://www.dearmanga.com/action/crying-freeman,0,1,0%,56
https://www.dearmanga.com/fantasy/re-zero,0,1,0%,57
https://www.dearmanga.com/fantasy/little-witch-academia,0,1,0%,58
https://www.dearmanga.com/fantasy/skeleton-knight,0,1,0%,58
https://www.dearmanga.com/horror/don-dracula,0,1,0%,58
https://www.dearmanga.com/horror/sensor-junji-ito,0,1,0%,58
https://www.dearmanga.com/romance/chunibyo,0,1,0%,58
https://www.dearmanga.com/romance/love-com,0,1,0%,58
https://www.dearmanga.com/slice-of-life/the-walking-man,0,1,0%,59
https://www.dearmanga.com/slice-of-life/tokujou-kabachi,0,1,0%,59
https://www.dearmanga.com/action/jungle-emperor-leo,0,1,0%,60
https://www.dearmanga.com/horror/me-devil-blues,0,1,0%,61
https://www.dearmanga.com/slice-of-life/edomae-elf,0,1,0%,61
https://www.dearmanga.com/horror/black-bird,0,1,0%,62
https://www.dearmanga.com/horror/danganronpa,0,1,0%,63
https://www.dearmanga.com/fantasy/dragon-goes-house-hunting,0,1,0%,64
https://www.dearmanga.com/action/cobra,0,1,0%,66
https://www.dearmanga.com/horror/alice-in-borderland,0,1,0%,66
https://www.dearmanga.com/fantasy/kuma-kuma-kuma-bear,0,1,0%,67
https://www.dearmanga.com/slice-of-life/tsurezure-children,0,1,0%,67
https://www.dearmanga.com/action/apocalypse-zero,0,1,0%,68
https://www.dearmanga.com/action/soul-eater-not,0,1,0%,69
https://www.dearmanga.com/fantasy/dragon-knights,0,1,0%,69
https://www.dearmanga.com/romance/honey-so-sweet,0,1,0%,69
https://www.dearmanga.com/slice-of-life/princess-jellyfish,0,1,0%,69
https://www.dearmanga.com/historical/kamui-gaiden,0,1,0%,71
https://www.dearmanga.com/sports/hinomaru-sumo,0,1,0%,72